{
    "mobilenetv2_test9": {
        "train_accuracy": [
            0.11450155824422836,
            0.49912968277931213,
            0.6957005858421326,
            0.7835482358932495,
            0.8298580050468445,
            0.860253632068634,
            0.8803476691246033,
            0.8947461843490601,
            0.9080079793930054,
            0.9171610474586487,
            0.9277112483978271,
            0.9331343770027161,
            0.9398837089538574,
            0.9471185207366943,
            0.9479237198829651,
            0.9503510594367981,
            0.9501497745513916,
            0.9500905871391296,
            0.9497116804122925,
            0.9508010149002075,
            0.9510378837585449,
            0.9518074989318848,
            0.950599730014801,
            0.950789213180542,
            0.9506115913391113,
            0.9512628316879272,
            0.9515470266342163,
            0.9514641165733337,
            0.9509786367416382,
            0.950789213180542,
            0.9505879282951355,
            0.951191782951355,
            0.9521508812904358,
            0.9510733485221863,
            0.9518193602561951,
            0.9512983560562134,
            0.9504221081733704,
            0.9511443972587585,
            0.9505286812782288,
            0.953003466129303,
            0.9516180753707886,
            0.9516417384147644
        ],
        "val_accuracy": [
            0.3671875,
            0.6499999761581421,
            0.824999988079071,
            0.8500000238418579,
            0.895312488079071,
            0.9375,
            0.9156249761581421,
            0.926562488079071,
            0.932812511920929,
            0.9453125,
            0.957812488079071,
            0.9468749761581421,
            0.953125,
            0.9546874761581421,
            0.949999988079071,
            0.9390624761581421,
            0.9609375,
            0.964062511920929,
            0.9515625238418579,
            0.9593750238418579,
            0.9671875238418579,
            0.965624988079071,
            0.964062511920929,
            0.956250011920929,
            0.9624999761581421,
            0.9624999761581421,
            0.9765625,
            0.956250011920929,
            0.948437511920929,
            0.9593750238418579,
            0.9546874761581421,
            0.956250011920929,
            0.948437511920929,
            0.9609375,
            0.9609375,
            0.956250011920929,
            0.9609375,
            0.9671875238418579,
            0.956250011920929,
            0.965624988079071,
            0.957812488079071,
            0.964062511920929
        ],
        "train_loss": [
            5.399332523345947,
            3.14556622505188,
            1.9176039695739746,
            1.309043526649475,
            0.9750356078147888,
            0.7755746245384216,
            0.6387187242507935,
            0.5424565672874451,
            0.47011736035346985,
            0.41479426622390747,
            0.364997923374176,
            0.33002805709838867,
            0.29872193932533264,
            0.26773104071617126,
            0.26259365677833557,
            0.25591588020324707,
            0.2554626166820526,
            0.2547057867050171,
            0.2549118101596832,
            0.25191551446914673,
            0.25091874599456787,
            0.2490730732679367,
            0.2516162395477295,
            0.251175194978714,
            0.25186049938201904,
            0.24937672913074493,
            0.24813301861286163,
            0.25054943561553955,
            0.251863032579422,
            0.25246766209602356,
            0.25062084197998047,
            0.24997565150260925,
            0.24983416497707367,
            0.24922224879264832,
            0.24768899381160736,
            0.24922150373458862,
            0.24993368983268738,
            0.2488231658935547,
            0.2513457238674164,
            0.2475614845752716,
            0.2491663694381714,
            0.2482580989599228
        ],
        "val_loss": [
            3.8064332008361816,
            2.0324087142944336,
            1.1422566175460815,
            0.8647102117538452,
            0.6482549905776978,
            0.3868713676929474,
            0.38809671998023987,
            0.3211537301540375,
            0.29833993315696716,
            0.2368566244840622,
            0.20974843204021454,
            0.23799638450145721,
            0.21405991911888123,
            0.2099868506193161,
            0.21278436481952667,
            0.23654821515083313,
            0.17262127995491028,
            0.1720966398715973,
            0.19458042085170746,
            0.1960996687412262,
            0.17041166126728058,
            0.16275890171527863,
            0.16297820210456848,
            0.18268942832946777,
            0.16248473525047302,
            0.17403702437877655,
            0.1367209553718567,
            0.17349828779697418,
            0.2182455062866211,
            0.17125067114830017,
            0.2136947363615036,
            0.18714234232902527,
            0.188658207654953,
            0.1932961493730545,
            0.1705264449119568,
            0.18261829018592834,
            0.17692849040031433,
            0.17018787562847137,
            0.18556098639965057,
            0.1833093762397766,
            0.19546660780906677,
            0.17001207172870636
        ],
        "test_accuracy": 0.9789835810661316,
        "test_loss": 0.12434253841638565,
        "execution_time": 35211.30641222
    }
}