{
    "MobileNet_test8": {
        "train_accuracy": [
            0.6784483790397644,
            0.8771624565124512,
            0.9216487407684326,
            0.9463962316513062,
            0.9610908031463623,
            0.9706582427024841,
            0.977762758731842,
            0.9820255041122437,
            0.9838608503341675,
            0.9970160722732544,
            0.9977028369903564,
            0.9978094100952148,
            0.997726559638977,
            0.9986975193023682,
            0.9998223781585693,
            0.9997750520706177,
            0.9998223781585693
        ],
        "val_accuracy": [
            0.864062488079071,
            0.875,
            0.8999999761581421,
            0.879687488079071,
            0.8999999761581421,
            0.879687488079071,
            0.90625,
            0.890625,
            0.90625,
            0.925000011920929,
            0.8968750238418579,
            0.934374988079071,
            0.8984375,
            0.9312499761581421,
            0.9281250238418579,
            0.932812511920929,
            0.9281250238418579
        ],
        "train_loss": [
            1.5021973848342896,
            0.471341073513031,
            0.2888895273208618,
            0.18984094262123108,
            0.13524667918682098,
            0.10131898522377014,
            0.07724004238843918,
            0.06368144601583481,
            0.05675686150789261,
            0.01398116908967495,
            0.01160523109138012,
            0.010412702336907387,
            0.010307122021913528,
            0.006747950334101915,
            0.0022366943303495646,
            0.0019933166913688183,
            0.0019035416189581156
        ],
        "val_loss": [
            0.5377021431922913,
            0.4244633615016937,
            0.40475064516067505,
            0.45212188363075256,
            0.37861359119415283,
            0.4539209008216858,
            0.3525327146053314,
            0.4785671830177307,
            0.42786651849746704,
            0.33461469411849976,
            0.4877062439918518,
            0.3040255308151245,
            0.44960513710975647,
            0.3720523715019226,
            0.2862127423286438,
            0.4041963517665863,
            0.30868691205978394
        ],
        "test_accuracy": 0.9323652982711792,
        "test_loss": 0.26008251309394836,
        "execution_time": 1826.7639033794403
    },
    "MobileNet_test9": {
        "train_accuracy": [
            0.5590565204620361,
            0.7659881711006165,
            0.8232744932174683,
            0.858441948890686,
            0.9316069483757019,
            0.9408428072929382,
            0.9469882845878601,
            0.9526008367538452,
            0.9797757267951965,
            0.9823096990585327,
            0.9840976595878601,
            0.9938782453536987,
            0.9945650100708008,
            0.9950031638145447,
            0.9985198974609375,
            0.9989224672317505,
            0.9997158050537109,
            0.999940812587738,
            0.9999763369560242,
            0.9999644756317139
        ],
        "val_accuracy": [
            0.762499988079071,
            0.784375011920929,
            0.8203125,
            0.832812488079071,
            0.8421875238418579,
            0.8968750238418579,
            0.8734375238418579,
            0.890625,
            0.9046875238418579,
            0.8999999761581421,
            0.901562511920929,
            0.921875,
            0.90625,
            0.9125000238418579,
            0.9234374761581421,
            0.918749988079071,
            0.9125000238418579,
            0.8984375,
            0.921875,
            0.917187511920929
        ],
        "train_loss": [
            5.821277618408203,
            3.563035726547241,
            2.7887299060821533,
            2.3246614933013916,
            0.8575049638748169,
            0.6947036385536194,
            0.6142570376396179,
            0.5382791757583618,
            0.17145609855651855,
            0.1498705893754959,
            0.1438530832529068,
            0.03531305119395256,
            0.03581232577562332,
            0.03474141284823418,
            0.007236137520521879,
            0.004356309771537781,
            0.001180148683488369,
            0.0003711835015565157,
            8.2736587501131e-05,
            9.31871691136621e-05
        ],
        "val_loss": [
            3.5365333557128906,
            3.471186876296997,
            3.5704197883605957,
            3.5200226306915283,
            3.020937442779541,
            2.3328678607940674,
            3.3412487506866455,
            2.779318332672119,
            2.001530647277832,
            2.6469638347625732,
            2.2085394859313965,
            1.2418389320373535,
            1.8973582983016968,
            1.8330156803131104,
            1.4074851274490356,
            1.517589807510376,
            1.7407186031341553,
            2.072582721710205,
            1.8105709552764893,
            1.4991563558578491
        ],
        "test_accuracy": 0.9327474236488342,
        "test_loss": 1.031597375869751,
        "execution_time": 2093.537684440613
    }
}