{
    "mobilenet_test17": {
        "train_accuracy": [
            0.09387470036745071,
            0.46225711703300476,
            0.6874711513519287,
            0.7922750115394592,
            0.8489218950271606,
            0.8832723498344421,
            0.9066581130027771,
            0.9237208962440491,
            0.937693178653717,
            0.9500195384025574,
            0.9595869779586792,
            0.9669638872146606,
            0.9735355973243713,
            0.9791836738586426,
            0.9835411310195923,
            0.9868803024291992,
            0.9902549386024475,
            0.9926349520683289,
            0.9945294857025146,
            0.9963056445121765,
            0.9971936941146851,
            0.9979870319366455,
            0.9990882277488708,
            0.999254047870636,
            0.9993605613708496,
            0.9993605613708496,
            0.9994198083877563,
            0.9994908571243286,
            0.9994908571243286,
            0.9995026588439941,
            0.9993960857391357,
            0.9995026588439941,
            0.9995619058609009,
            0.9995263814926147,
            0.9995500445365906,
            0.9994789958000183,
            0.9995026588439941,
            0.999467134475708,
            0.9995145201683044,
            0.9994908571243286,
            0.9995145201683044,
            0.9993960857391357,
            0.9995381832122803,
            0.9995381832122803,
            0.9994789958000183,
            0.9994553327560425,
            0.9994434714317322
        ],
        "val_accuracy": [
            0.2984375059604645,
            0.6499999761581421,
            0.796875,
            0.8609374761581421,
            0.90625,
            0.9140625,
            0.9046875238418579,
            0.9125000238418579,
            0.9312499761581421,
            0.9296875,
            0.942187488079071,
            0.953125,
            0.9609375,
            0.957812488079071,
            0.956250011920929,
            0.964062511920929,
            0.953125,
            0.973437488079071,
            0.964062511920929,
            0.9671875238418579,
            0.9609375,
            0.9515625238418579,
            0.964062511920929,
            0.9624999761581421,
            0.973437488079071,
            0.96875,
            0.9671875238418579,
            0.973437488079071,
            0.9765625,
            0.964062511920929,
            0.9609375,
            0.9781249761581421,
            0.957812488079071,
            0.965624988079071,
            0.9546874761581421,
            0.9609375,
            0.965624988079071,
            0.9750000238418579,
            0.957812488079071,
            0.965624988079071,
            0.96875,
            0.9624999761581421,
            0.96875,
            0.9765625,
            0.973437488079071,
            0.9671875238418579,
            0.973437488079071
        ],
        "train_loss": [
            5.53882360458374,
            3.5421855449676514,
            2.2962024211883545,
            1.563242793083191,
            1.125948429107666,
            0.8503499031066895,
            0.6672186255455017,
            0.5371972322463989,
            0.44125720858573914,
            0.3651941418647766,
            0.30762380361557007,
            0.2589098811149597,
            0.21945782005786896,
            0.18591703474521637,
            0.1581753045320511,
            0.13451099395751953,
            0.11273013055324554,
            0.09613896906375885,
            0.08182884752750397,
            0.06847462803125381,
            0.0577390193939209,
            0.048464585095644,
            0.039386048913002014,
            0.037626925855875015,
            0.0359555222094059,
            0.035660065710544586,
            0.035119060426950455,
            0.034805428236722946,
            0.03437715396285057,
            0.03465418145060539,
            0.03464153781533241,
            0.03444312512874603,
            0.034363217651844025,
            0.034430503845214844,
            0.0346788689494133,
            0.03458626940846443,
            0.0346238948404789,
            0.034435171633958817,
            0.03444753214716911,
            0.034506719559431076,
            0.034399788826704025,
            0.03462524339556694,
            0.03455542027950287,
            0.03438585624098778,
            0.03446381911635399,
            0.034749362617731094,
            0.0346720814704895
        ],
        "val_loss": [
            4.244108200073242,
            2.5276284217834473,
            1.5947493314743042,
            1.0630571842193604,
            0.7329001426696777,
            0.5530876517295837,
            0.5315030217170715,
            0.44319039583206177,
            0.34982049465179443,
            0.36941254138946533,
            0.2807658314704895,
            0.25854429602622986,
            0.22195354104042053,
            0.20066162943840027,
            0.22315390408039093,
            0.18026140332221985,
            0.2009340226650238,
            0.1655822992324829,
            0.1567797064781189,
            0.14879588782787323,
            0.16460543870925903,
            0.16995224356651306,
            0.15190282464027405,
            0.15332898497581482,
            0.1204393059015274,
            0.1557273268699646,
            0.15015770494937897,
            0.11794048547744751,
            0.113069549202919,
            0.15044710040092468,
            0.14227794110774994,
            0.1186116486787796,
            0.1660621613264084,
            0.1475631445646286,
            0.1764485239982605,
            0.16213563084602356,
            0.1383611261844635,
            0.11650577932596207,
            0.1518256962299347,
            0.1667250543832779,
            0.15943583846092224,
            0.1409718096256256,
            0.14589467644691467,
            0.12472319602966309,
            0.12895995378494263,
            0.1305162012577057,
            0.12415345013141632
        ],
        "test_accuracy": 0.9854795336723328,
        "test_loss": 0.08495228737592697,
        "execution_time": 13395.70766544342
    },
    "mobilenet_test18": {
        "train_accuracy": [
            0.07638568431138992,
            0.39745184779167175,
            0.6218962073326111,
            0.7341479659080505,
            0.7943471670150757,
            0.8339431285858154,
            0.8602417707443237,
            0.8803121447563171,
            0.8957526683807373,
            0.9081737995147705,
            0.9191384315490723,
            0.9263732433319092,
            0.9354670643806458,
            0.9404639005661011,
            0.9456857442855835,
            0.949320912361145,
            0.9548861384391785,
            0.958805501461029,
            0.9623932838439941,
            0.9656850695610046,
            0.9678637981414795,
            0.9691662788391113,
            0.9682071805000305,
            0.9695451855659485,
            0.9698885679244995,
            0.9698767066001892,
            0.9702438116073608,
            0.9711318612098694,
            0.9709424376487732,
            0.9706345796585083,
            0.9714871048927307,
            0.971025288105011,
            0.9706701040267944,
            0.9700188040733337,
            0.9707529544830322,
            0.9709424376487732,
            0.9711437225341797,
            0.9709187150001526,
            0.9698885679244995
        ],