{
    "MobileNet_test5": {
        "train_accuracy": [
            0.35545215010643005,
            0.7452547550201416,
            0.8320130705833435,
            0.8701052665710449,
            0.8962500095367432,
            0.9139639735221863,
            0.929084837436676,
            0.9409375786781311,
            0.9502800107002258,
            0.9583792090415955,
            0.965448260307312,
            0.97318035364151,
            0.9763181805610657,
            0.9792547225952148
        ],
        "val_accuracy": [
            0.6625000238418579,
            0.8109375238418579,
            0.8578125238418579,
            0.890625,
            0.870312511920929,
            0.893750011920929,
            0.903124988079071,
            0.9078124761581421,
            0.9281250238418579,
            0.9203125238418579,
            0.901562511920929,
            0.910937488079071,
            0.918749988079071,
            0.909375011920929
        ],
        "train_loss": [
            3.916581630706787,
            1.667319416999817,
            1.0345078706741333,
            0.7549512386322021,
            0.5940619707107544,
            0.48712435364723206,
            0.4097766578197479,
            0.3500821888446808,
            0.3024844825267792,
            0.26380860805511475,
            0.23096461594104767,
            0.19904294610023499,
            0.18219296634197235,
            0.16672125458717346
        ],
        "val_loss": [
            2.1713881492614746,
            1.150940179824829,
            0.7822157740592957,
            0.6061563491821289,
            0.6267783045768738,
            0.5163644552230835,
            0.43461570143699646,
            0.4069119393825531,
            0.3575555086135864,
            0.3863469958305359,
            0.41047000885009766,
            0.3692895472049713,
            0.34430158138275146,
            0.37088924646377563
        ],
        "test_accuracy": 0.9312977194786072,
        "test_loss": 0.32193708419799805,
        "execution_time": 1488.7755858898163
    },
    "MobileNet_test6": {
        "train_accuracy": [
            0.3565415143966675,
            0.744769275188446,
            0.8315986394882202,
            0.8709341287612915,
            0.8961315751075745,
            0.9141415953636169,
            0.9296650290489197,
            0.9398481845855713,
            0.9496761560440063,
            0.9582015872001648,
            0.9646075367927551,
            0.970433235168457,
            0.9750393629074097,
            0.9792783856391907,
            0.9829372763633728,
            0.9857198596000671,
            0.9894497394561768,
            0.9904680848121643,
            0.9918652772903442,
            0.9932388663291931,
            0.993890106678009
        ],
        "val_accuracy": [
            0.690625011920929,
            0.824999988079071,
            0.8609374761581421,
            0.8984375,
            0.890625,
            0.903124988079071,
            0.910937488079071,
            0.9156249761581421,
            0.90625,
            0.9203125238418579,
            0.90625,
            0.917187511920929,
            0.909375011920929,
            0.9281250238418579,
            0.9296875,
            0.918749988079071,
            0.9296875,
            0.9140625,
            0.9156249761581421,
            0.9156249761581421,
            0.918749988079071
        ],
        "train_loss": [
            3.9248769283294678,
            1.6702755689620972,
            1.0371605157852173,
            0.755942702293396,
            0.5950964093208313,
            0.4878578782081604,
            0.4102638363838196,
            0.35073161125183105,
            0.3032383620738983,
            0.26408863067626953,
            0.23173056542873383,
            0.2039877027273178,
            0.18021854758262634,
            0.15983876585960388,
            0.1416696161031723,
            0.1263304203748703,
            0.10789094120264053,
            0.10070473700761795,
            0.09390070289373398,
            0.0849166139960289,
            0.08149275183677673
        ],
        "val_loss": [
            2.117269992828369,
            1.1720542907714844,
            0.7791438698768616,
            0.6036461591720581,
            0.532607913017273,
            0.46930527687072754,
            0.4163495898246765,
            0.4018937051296234,
            0.40264835953712463,
            0.3521590232849121,
            0.42373013496398926,
            0.31123489141464233,
            0.3279855251312256,
            0.2859926223754883,
            0.31418976187705994,
            0.31614020466804504,
            0.2800341248512268,
            0.33486902713775635,
            0.3036954700946808,
            0.3322320580482483,
            0.3291662037372589
        ],
        "test_accuracy": 0.9408397078514099,
        "test_loss": 0.24979110062122345,
        "execution_time": 2208.691463470459
    }
}