{
    "mobilenetv2_test8": {
        "train_accuracy": [
            0.1369807869195938,
            0.5575113296508789,
            0.7573716640472412,
            0.8336983323097229,
            0.8748209476470947,
            0.9013009071350098,
            0.920808732509613,
            0.9358775615692139,
            0.9478450417518616,
            0.9570425748825073,
            0.9648078083992004,
            0.9714011549949646,
            0.9776275753974915,
            0.9825518727302551,
            0.9835106730461121,
            0.9848719835281372,
            0.9856768846511841,
            0.9859254956245422,
            0.9876300692558289,
            0.9879496693611145,
            0.9875235557556152,
            0.9878194332122803,
            0.9878194332122803,
            0.9880443811416626,
            0.9876182079315186,
            0.9885415434837341,
            0.9879141449928284,
            0.9879969954490662,
            0.9877484440803528,
            0.9881508946418762,
            0.9883995056152344,
            0.9881390929222107,
            0.9884586930274963,
            0.9879023432731628,
            0.9878904819488525,
            0.9879615306854248,
            0.9880917072296143,
            0.9882574081420898,
            0.9883403182029724,
            0.9884823560714722,
            0.9879733324050903
        ],
        "val_accuracy": [
            0.41874998807907104,
            0.7437499761581421,
            0.854687511920929,
            0.895312488079071,
            0.9359375238418579,
            0.932812511920929,
            0.932812511920929,
            0.9546874761581421,
            0.9453125,
            0.9671875238418579,
            0.964062511920929,
            0.948437511920929,
            0.9515625238418579,
            0.9624999761581421,
            0.9593750238418579,
            0.9703124761581421,
            0.9593750238418579,
            0.9609375,
            0.949999988079071,
            0.953125,
            0.956250011920929,
            0.957812488079071,
            0.971875011920929,
            0.9515625238418579,
            0.9703124761581421,
            0.9750000238418579,
            0.9593750238418579,
            0.9515625238418579,
            0.964062511920929,
            0.956250011920929,
            0.965624988079071,
            0.9468749761581421,
            0.965624988079071,
            0.9593750238418579,
            0.9624999761581421,
            0.965624988079071,
            0.964062511920929,
            0.9515625238418579,
            0.971875011920929,
            0.948437511920929,
            0.9593750238418579
        ],
        "train_loss": [
            5.301342487335205,
            2.9133243560791016,
            1.6724435091018677,
            1.0799976587295532,
            0.7710451483726501,
            0.5845168232917786,
            0.4615190625190735,
            0.37350767850875854,
            0.307782918214798,
            0.25703132152557373,
            0.21441411972045898,
            0.18201610445976257,
            0.1533641666173935,
            0.1276962161064148,
            0.12252303212881088,
            0.11708925664424896,
            0.11301058530807495,
            0.10920529067516327,
            0.10351692885160446,
            0.1027069240808487,
            0.10279759764671326,
            0.10176877677440643,
            0.10160599648952484,
            0.10177519172430038,
            0.10178148001432419,
            0.10051029175519943,
            0.10129160434007645,
            0.10129854083061218,
            0.10164505988359451,
            0.10141777992248535,
            0.10135313123464584,
            0.10143081098794937,
            0.1013779565691948,
            0.1016668751835823,
            0.10116204619407654,
            0.10156004130840302,
            0.10165268927812576,
            0.10218428820371628,
            0.10116729140281677,
            0.10092124342918396,
            0.1008254811167717
        ],
        "val_loss": [
            3.667092800140381,
            1.8025766611099243,
            1.0517643690109253,
            0.6489357948303223,
            0.44923296570777893,
            0.36575847864151,
            0.3078620135784149,
            0.2477458268404007,
            0.23869924247264862,
            0.1778552234172821,
            0.17527799308300018,
            0.19604384899139404,
            0.19334349036216736,
            0.13763460516929626,
            0.1508832573890686,
            0.13342538475990295,
            0.18145129084587097,
            0.1338360756635666,
            0.1851358413696289,
            0.17627689242362976,
            0.1473970264196396,
            0.1680610626935959,
            0.14683589339256287,
            0.16722235083580017,
            0.1228720173239708,
            0.12469164282083511,
            0.14419661462306976,
            0.16595061123371124,
            0.1486435830593109,
            0.15996107459068298,
            0.1457028090953827,
            0.18527236580848694,
            0.1385742723941803,
            0.15266473591327667,
            0.13668730854988098,
            0.14749343693256378,
            0.163518488407135,
            0.21497276425361633,
            0.13468392193317413,
            0.18285730481147766,
            0.16008585691452026
        ],
        "test_accuracy": 0.9824427366256714,
        "test_loss": 0.1005161926150322,
        "execution_time": 11772.934866189957
    }
}