{
    "InceptionV3_test2": {
        "train_accuracy": [
            0.308230459690094,
            0.6268303394317627,
            0.716414749622345
        ],
        "val_accuracy": [
            0.5765625238418579,
            0.714062511920929,
            0.7749999761581421
        ],
        "train_loss": [
            4.454055309295654,
            2.4818360805511475,
            1.7367486953735352
        ],
        "val_loss": [
            2.8466739654541016,
            1.80744206905365,
            1.29119873046875
        ],
        "test_accuracy": 0.7916030287742615,
        "test_loss": 1.216909408569336,
        "execution_time": 496.00164222717285
    },
    "inceptionV3_test3": {
        "train_accuracy": [
            0.24789592623710632,
            0.5206974744796753,
            0.609512448310852
        ],
        "val_accuracy": [
            0.528124988079071,
            0.6796875,
            0.7421875
        ],
        "train_loss": [
            4.7101969718933105,
            2.953550100326538,
            2.229891538619995
        ],
        "val_loss": [
            3.1498022079467773,
            2.0164942741394043,
            1.4579408168792725
        ],
        "test_accuracy": 0.7507633566856384,
        "test_loss": 1.4224913120269775,
        "execution_time": 1920.0250742435455
    }
}