{
    "MobileNet_test1": {
        "train_accuracy": [
            0.35576000809669495,
            0.7477532029151917,
            0.8333866000175476,
            0.8718814253807068,
            0.8974222540855408,
            0.9154914617538452,
            0.9293097853660583,
            0.9408073425292969,
            0.9502208232879639,
            0.9583910703659058,
            0.9652232527732849,
            0.9707174301147461,
            0.975394606590271,
            0.9811374545097351,
            0.9832806587219238,
            0.9860632419586182,
            0.9875315427780151,
            0.9888103604316711,
            0.9897220730781555,
            0.9910127520561218,
            0.9923626184463501,
            0.9926230907440186,
            0.9931204319000244,
            0.993546724319458,
            0.994292676448822,
            0.9945058226585388
        ],
        "val_accuracy": [
            0.6875,
            0.8140624761581421,
            0.859375,
            0.8578125238418579,
            0.887499988079071,
            0.887499988079071,
            0.909375011920929,
            0.8812500238418579,
            0.8984375,
            0.9125000238418579,
            0.932812511920929,
            0.9140625,
            0.9281250238418579,
            0.9140625,
            0.9156249761581421,
            0.9375,
            0.9203125238418579,
            0.926562488079071,
            0.9140625,
            0.9312499761581421,
            0.9390624761581421,
            0.9375,
            0.9312499761581421,
            0.9140625,
            0.921875,
            0.9296875
        ],
        "train_loss": [
            3.9122695922851562,
            1.6599223613739014,
            1.0298917293548584,
            0.7517088651657104,
            0.5926664471626282,
            0.48554155230522156,
            0.4086972773075104,
            0.34948164224624634,
            0.30213552713394165,
            0.2634040117263794,
            0.23084048926830292,
            0.20347701013088226,
            0.18035027384757996,
            0.15521623194217682,
            0.14292897284030914,
            0.12857237458229065,
            0.12119361013174057,
            0.11416229605674744,
            0.10742782801389694,
            0.10118621587753296,
            0.09397769719362259,
            0.09013399481773376,
            0.08647243678569794,
            0.08297515660524368,
            0.07867389917373657,
            0.07640654593706131
        ],
        "val_loss": [
            2.1194353103637695,
            1.217266321182251,
            0.8377095460891724,
            0.6968032121658325,
            0.5190999507904053,
            0.47908955812454224,
            0.4561523497104645,
            0.45316705107688904,
            0.4099713861942291,
            0.39990371465682983,
            0.3099377155303955,
            0.34445157647132874,
            0.31187736988067627,
            0.32792267203330994,
            0.3231174051761627,
            0.30381307005882263,
            0.29017212986946106,
            0.278631329536438,
            0.3209507465362549,
            0.2886900305747986,
            0.27975770831108093,
            0.2359696626663208,
            0.2753327488899231,
            0.34967711567878723,
            0.2778211534023285,
            0.32530927658081055
        ],
        "test_accuracy": 0.9465036392211914,
        "test_loss": 0.2255679816007614,
        "execution_time": 2683.3715012073517
    },
    "MobileNet_test4": {
        "train_accuracy": [
            0.3528708219528198,
            0.7446509003639221,
            0.8308644890785217,
            0.8702473640441895,
            0.8954921960830688,
            0.9136797785758972,
            0.9281967282295227,
            0.9398955702781677,
            0.9493091106414795,
            0.9578108787536621,
            0.9647377729415894,
            0.970279335975647,
            0.9775259494781494,
            0.9800243973731995,
            0.9819425940513611,
            0.9844291806221008,
            0.9855659604072571,
            0.9876381158828735,
            0.9888458847999573,
            0.9906812310218811,
            0.9916995167732239,
            0.9925283789634705,
            0.9928125739097595,
            0.9932861924171448
        ],
        "val_accuracy": [
            0.667187511920929,
            0.817187488079071,
            0.848437488079071,
            0.875,
            0.890625,
            0.895312488079071,
            0.903124988079071,
            0.9234374761581421,
            0.90625,
            0.90625,
            0.909375011920929,
            0.9140625,
            0.9296875,
            0.9203125238418579,
            0.9234374761581421,
            0.9203125238418579,
            0.942187488079071,
            0.9437500238418579,
            0.921875,
            0.9156249761581421,
            0.9234374761581421,
            0.903124988079071,
            0.9375,
            0.9437500238418579
        ],
        "train_loss": [
            3.927994728088379,
            1.669447660446167,
            1.0377751588821411,
            0.7574936747550964,
            0.5959431529045105,
            0.4891471564769745,
            0.4111662805080414,
            0.3515400290489197,
            0.30403295159339905,
            0.2650254964828491,
            0.2321854531764984,
            0.20457467436790466,
            0.17509573698043823,
            0.1625317931175232,
            0.15071573853492737,
            0.13978311419487,
            0.129779651761055,
            0.12080304324626923,
            0.11244460195302963,
            0.10183494538068771,
            0.09748607128858566,
            0.09185274690389633,
            0.08941616863012314,
            0.08619774878025055
        ],
        "val_loss": [
            2.1861319541931152,
            1.1484615802764893,
            0.8771156072616577,
            0.6538650989532471,
            0.5776374340057373,
            0.5148714184761047,
            0.4503588080406189,
            0.4142542779445648,
            0.3771793842315674,
            0.3737926483154297,
            0.3973674774169922,
            0.39255768060684204,
            0.32518330216407776,
            0.32691270112991333,
            0.32277753949165344,
            0.2957572340965271,
            0.2743633985519409,
            0.27540123462677,
            0.33697301149368286,
            0.3793611526489258,
            0.29366275668144226,
            0.35581037402153015,
            0.28580912947654724,
            0.23328010737895966
        ],
        "test_accuracy": 0.9400076270103455,
        "test_loss": 0.2410009652376175,
        "execution_time": 2497.0911977291107
    }
}