{
    "MobileNetV2_test5": {
        "train_accuracy": [
            0.43392181396484375,
            0.7495648264884949,
            0.8151042461395264,
            0.850212574005127,
            0.874817967414856,
            0.8932542204856873,
            0.9076054096221924,
            0.9200383424758911,
            0.9297478795051575,
            0.9393982291221619,
            0.9463015198707581,
            0.952660083770752,
            0.9586042165756226,
            0.9654008746147156,
            0.9686452746391296,
            0.9712502956390381
        ],
        "val_accuracy": [
            0.721875011920929,
            0.8031250238418579,
            0.817187488079071,
            0.8734375238418579,
            0.8734375238418579,
            0.854687511920929,
            0.885937511920929,
            0.8671875,
            0.8921874761581421,
            0.895312488079071,
            0.901562511920929,
            0.8999999761581421,
            0.885937511920929,
            0.893750011920929,
            0.893750011920929,
            0.895312488079071
        ],
        "train_loss": [
            3.534919500350952,
            1.5718982219696045,
            1.055869460105896,
            0.8142945170402527,
            0.6681880950927734,
            0.5669753551483154,
            0.49145644903182983,
            0.431631863117218,
            0.38315901160240173,
            0.3423071503639221,
            0.30755290389060974,
            0.27737942337989807,
            0.2511305510997772,
            0.22488151490688324,
            0.21000881493091583,
            0.1964573711156845
        ],
        "val_loss": [
            2.005337715148926,
            1.192657709121704,
            0.9934097528457642,
            0.7181881666183472,
            0.6509718298912048,
            0.5985236167907715,
            0.5257448554039001,
            0.572612464427948,
            0.48397940397262573,
            0.46443337202072144,
            0.41941434144973755,
            0.41982945799827576,
            0.4813172221183777,
            0.4485958218574524,
            0.4183540940284729,
            0.398514986038208
        ],
        "test_accuracy": 0.9052349925041199,
        "test_loss": 0.39110875129699707,
        "execution_time": 1797.674118757248
    },
    "MobileNetV2_test6": {
        "train_accuracy": [
            0.43233513832092285,
            0.7484636306762695,
            0.8142280578613281,
            0.8493008017539978,
            0.8746640086174011,
            0.8928279876708984,
            0.9076764583587646,
            0.9194936752319336,
            0.929889976978302,
            0.9386759400367737,
            0.9458752274513245,
            0.9550637602806091,
            0.9589357376098633,
            0.9618604183197021,
            0.9652113914489746,
            0.9686216115951538,
            0.9701727628707886,
            0.9719370603561401,
            0.9733461141586304,
            0.9752406477928162,
            0.9758918881416321,
            0.9766970872879028,
            0.9777864813804626,
            0.978295624256134,
            0.9784969091415405,
            0.9793139100074768
        ],
        "val_accuracy": [
            0.692187488079071,
            0.800000011920929,
            0.8265625238418579,
            0.8374999761581421,
            0.856249988079071,
            0.848437488079071,
            0.8765624761581421,
            0.8828125,
            0.8984375,
            0.8890625238418579,
            0.8984375,
            0.8921874761581421,
            0.90625,
            0.9078124761581421,
            0.8921874761581421,
            0.893750011920929,
            0.9156249761581421,
            0.893750011920929,
            0.8812500238418579,
            0.926562488079071,
            0.8921874761581421,
            0.8984375,
            0.9234374761581421,
            0.903124988079071,
            0.9046875238418579,
            0.8921874761581421
        ],
        "train_loss": [
            3.5449533462524414,
            1.5775395631790161,
            1.0595835447311401,
            0.8171198964118958,
            0.6701703071594238,
            0.5690884590148926,
            0.49282199144363403,
            0.4330304265022278,
            0.3840986490249634,
            0.3430171310901642,
            0.308245450258255,
            0.2736133635044098,
            0.2571209669113159,
            0.24207593500614166,
            0.22770360112190247,
            0.21208856999874115,
            0.20465867221355438,
            0.19743017852306366,
            0.1905718296766281,
            0.18245269358158112,
            0.17851415276527405,
            0.17487746477127075,
            0.17028623819351196,
            0.16810666024684906,
            0.16594310104846954,
            0.1633131057024002
        ],
        "val_loss": [
            2.0523035526275635,
            1.2120572328567505,
            0.9448503255844116,
            0.7335556149482727,
            0.6746177673339844,
            0.6563392877578735,
            0.5733192563056946,
            0.5156316757202148,
            0.4258224368095398,
            0.4602119028568268,
            0.4665814936161041,
            0.45511776208877563,
            0.3798145651817322,
            0.41827622056007385,
            0.41006916761398315,
            0.4416879713535309,
            0.3747320771217346,
            0.44852399826049805,
            0.45145565271377563,
            0.34859499335289,
            0.4211680293083191,
            0.4213024973869324,
            0.33249181509017944,
            0.3964419960975647,
            0.38993901014328003,
            0.4231704771518707
        ],
        "test_accuracy": 0.9117310047149658,
        "test_loss": 0.34550225734710693,
        "execution_time": 2901.5477623939514
    },
    "MobileNetV2_test7": {
        "train_accuracy": [
            0.435271680355072,
            0.7505713105201721,
            0.8159568309783936,
            0.8510295748710632,
            0.8748416304588318,
            0.8935858011245728,
            0.908185601234436,
            0.9202278256416321,
            0.9295229315757751,
            0.9393864274024963,
            0.9468935132026672,
            0.9549335241317749
        ],
        "val_accuracy": [
            0.7124999761581421,
            0.800000011920929,
            0.824999988079071,
            0.8421875238418579,
            0.854687511920929,
            0.848437488079071,
            0.895312488079071,
            0.885937511920929,
            0.8812500238418579,
            0.862500011920929,
            0.8921874761581421,
            0.8890625238418579
        ],
        "train_loss": [
            3.530935764312744,
            1.57187819480896,
            1.055605411529541,
            0.8130094408988953,
            0.6670781970024109,
            0.566382884979248,
            0.4907236695289612,
            0.4313761293888092,
            0.3827346861362457,
            0.34182408452033997,
            0.30694928765296936,
            0.2736794054508209
        ],
        "val_loss": [
            2.0077474117279053,
            1.2266991138458252,
            0.9238801002502441,
            0.7784550189971924,
            0.7073456645011902,
            0.6476699113845825,
            0.5439891815185547,
            0.5179141759872437,
            0.46084222197532654,
            0.5262714624404907,
            0.4732082784175873,
            0.4738076329231262
        ],
        "test_accuracy": 0.899503231048584,
        "test_loss": 0.4951134920120239,
        "execution_time": 1354.7871181964874
    }
}