{
    "MobileNet_test10": {
        "train_accuracy": [
            0.8893808126449585,
            0.8951218724250793,
            0.8989807963371277,
            0.902603030204773,
            0.9045088291168213,
            0.9074089527130127,
            0.9074089527130127,
            0.909942090511322,
            0.9109009504318237,
            0.9119189381599426
        ],
        "val_accuracy": [
            0.9281250238418579,
            0.9281250238418579,
            0.9281250238418579,
            0.910937488079071,
            0.9468749761581421,
            0.90625,
            0.9140625,
            0.921875,
            0.9296875,
            0.9312499761581421
        ],
        "train_loss": [
            0.40343591570854187,
            0.38479098677635193,
            0.3711249530315399,
            0.35471808910369873,
            0.34822896122932434,
            0.34256845712661743,
            0.3398587703704834,
            0.32958027720451355,
            0.325137197971344,
            0.321516752243042
        ],
        "val_loss": [
            0.2721160352230072,
            0.27768757939338684,
            0.2731950283050537,
            0.3626933693885803,
            0.22439062595367432,
            0.35654065012931824,
            0.2848741412162781,
            0.31516507267951965,
            0.29649126529693604,
            0.2566794157028198
        ],
        "test_accuracy": 0.9450381398200989,
        "test_loss": 0.2196117639541626,
        "execution_time": 895.6300044059753
    },
    "MobileNet_test11": {
        "train_accuracy": [
            0.9434888958930969,
            0.9827530980110168,
            0.9909208416938782,
            0.9935842156410217,
            0.9945785403251648,
            0.9960936903953552,
            0.9988162517547607,
            0.9993134140968323,
            0.9993726015090942,
            0.9995028376579285,
            0.9998816251754761,
            0.999940812587738,
            0.999940812587738,
            0.999940812587738,
            0.9999171495437622
        ],
        "val_accuracy": [
            0.934374988079071,
            0.949999988079071,
            0.949999988079071,
            0.9546874761581421,
            0.957812488079071,
            0.953125,
            0.9671875238418579,
            0.971875011920929,
            0.9546874761581421,
            0.971875011920929,
            0.96875,
            0.9703124761581421,
            0.9765625,
            0.9828125238418579,
            0.9609375
        ],
        "train_loss": [
            0.23146428167819977,
            0.08245176821947098,
            0.04869599640369415,
            0.03620186448097229,
            0.029384853318333626,
            0.02252749726176262,
            0.010027929209172726,
            0.006009247619658709,
            0.005763454362750053,
            0.00514306640252471,
            0.002401486039161682,
            0.0013157277135178447,
            0.0011862501269206405,
            0.0006657082703895867,
            0.0008017692598514259
        ],
        "val_loss": [
            0.22281627357006073,
            0.1662285327911377,
            0.18304488062858582,
            0.1362074315547943,
            0.15742036700248718,
            0.15897075831890106,
            0.13758721947669983,
            0.1022256463766098,
            0.19520346820354462,
            0.14307330548763275,
            0.11785922944545746,
            0.12096352875232697,
            0.10667014122009277,
            0.06548042595386505,
            0.17804770171642303
        ],
        "test_accuracy": 0.9858778715133667,
        "test_loss": 0.04139810800552368,
        "execution_time": 4112.958273887634
    },
    "MobileNet_test12": {
        "train_accuracy": [
            0.9848246574401855,
            0.9874880313873291,
            0.9894293546676636,
            0.9917139410972595,
            0.9942707419395447,
            0.9946613907814026,
            0.9958924651145935
        ],
        "val_accuracy": [
            0.9203125238418579,
            0.9390624761581421,
            0.934374988079071,
            0.90625,
            0.932812511920929,
            0.9281250238418579,
            0.917187511920929
        ],
        "train_loss": [
            0.12789151072502136,
            0.11215837299823761,
            0.1003536507487297,
            0.08953975886106491,
            0.07646030187606812,
            0.0715857669711113,
            0.06467131525278091
        ],
        "val_loss": [
            0.28957200050354004,
            0.2503778338432312,
            0.25062137842178345,
            0.33920320868492126,
            0.3100290596485138,
            0.28907448053359985,
            0.34708040952682495
        ],
        "test_accuracy": 0.9423664212226868,
        "test_loss": 0.23122796416282654,
        "execution_time": 971.3903813362122
    }
}