{
    "InceptionV3_test0": {
        "train_accuracy": [
            0.30731886625289917,
            0.62529456615448,
            0.7135921716690063,
            0.7586941719055176,
            0.7890779376029968,
            0.809633731842041,
            0.8260215520858765,
            0.8429895639419556,
            0.8550673127174377,
            0.8654518127441406,
            0.875966489315033,
            0.8832723498344421,
            0.8920819759368896,
            0.8980379700660706,
            0.9053201079368591,
            0.9140705466270447,
            0.9181201457977295,
            0.9229630827903748,
            0.925840437412262,
            0.9278770685195923,
            0.9298663139343262,
            0.9319384694099426,
            0.9331580996513367,
            0.933856725692749,
            0.9346973896026611,
            0.9347684383392334,
            0.9353131055831909,
            0.9358696341514587
        ],
        "val_accuracy": [
            0.5687500238418579,
            0.7124999761581421,
            0.7515624761581421,
            0.760937511920929,
            0.8218749761581421,
            0.823437511920929,
            0.84375,
            0.840624988079071,
            0.8343750238418579,
            0.8296874761581421,
            0.8609374761581421,
            0.856249988079071,
            0.890625,
            0.8734375238418579,
            0.8609374761581421,
            0.8687499761581421,
            0.879687488079071,
            0.910937488079071,
            0.875,
            0.901562511920929,
            0.8843749761581421,
            0.8968750238418579,
            0.893750011920929,
            0.8765624761581421,
            0.8843749761581421,
            0.895312488079071,
            0.885937511920929,
            0.8890625238418579
        ],
        "train_loss": [
            4.4645514488220215,
            2.4918651580810547,
            1.743605375289917,
            1.3675330877304077,
            1.1446926593780518,
            0.9950222969055176,
            0.8850435018539429,
            0.7966586351394653,
            0.7261633276939392,
            0.6689453721046448,
            0.615991473197937,
            0.5756738781929016,
            0.5363304615020752,
            0.506161630153656,
            0.47237950563430786,
            0.4372643828392029,
            0.4217863380908966,
            0.4023624360561371,
            0.39217060804367065,
            0.38495007157325745,
            0.37673014402389526,
            0.3692155182361603,
            0.3617107570171356,
            0.358634889125824,
            0.3562842607498169,
            0.35476699471473694,
            0.35384127497673035,
            0.3532178997993469
        ],
        "val_loss": [
            2.8813037872314453,
            1.7237064838409424,
            1.3364068269729614,
            1.146376609802246,
            0.9066470265388489,
            0.8199549913406372,
            0.7642210125923157,
            0.766097903251648,
            0.7138357758522034,
            0.7195388078689575,
            0.643494188785553,
            0.6145311594009399,
            0.49881720542907715,
            0.5798673033714294,
            0.5909091234207153,
            0.5075667500495911,
            0.5087863802909851,
            0.41772881150245667,
            0.5578107833862305,
            0.4768863320350647,
            0.49328121542930603,
            0.5125892758369446,
            0.4606979787349701,
            0.5220353007316589,
            0.5344902276992798,
            0.42060717940330505,
            0.47395938634872437,
            0.5193356275558472
        ],
        "test_accuracy": 0.8952999711036682,
        "test_loss": 0.45562368631362915,
        "execution_time": 4999.541228532791
    },
    "inceptionV3_test1": {
        "train_accuracy": [
            0.2298201322555542,
            0.49143311381340027,
            0.5787242650985718,
            0.6245248913764954,
            0.6523628234863281,
            0.6739488244056702,
            0.6874356269836426,
            0.7033852934837341,
            0.711555540561676,
            0.7198678851127625,
            0.7287958860397339,
            0.732324481010437,
            0.7381383776664734,
            0.7466164827346802,
            0.7487714886665344,
            0.7547511458396912,
            0.7573561668395996,
            0.7671959400177002,
            0.7680840492248535,
            0.7740992307662964,
            0.7730216979980469,
            0.7769410014152527,
            0.77607661485672,
            0.7772843837738037,
            0.7799485921859741,
            0.7808367013931274,
            0.7815707921981812,
            0.7820917963981628,
            0.7847442030906677,
            0.7813103199005127,
            0.7804695963859558,
            0.7832759022712708,
            0.7816892266273499,
            0.7835600972175598,
            0.7850401997566223,
            0.7851231098175049,
            0.7838205695152283,
            0.7831929922103882,
            0.7849810123443604,
            0.7856796383857727,
            0.7852059602737427,
            0.7843534350395203,
            0.7868281602859497,
            0.7870531678199768,
            0.7846612930297852
        ],
        "val_accuracy": [
            0.5234375,
            0.6625000238418579,
            0.739062488079071,
            0.7562500238418579,
            0.778124988079071,
            0.8140624761581421,
            0.796875,
            0.8031250238418579,
            0.832812488079071,
            0.832812488079071,
            0.8218749761581421,
            0.8421875238418579,
            0.839062511920929,
            0.862500011920929,
            0.875,
            0.823437511920929,
            0.848437488079071,
            0.8500000238418579,
            0.871874988079071,
            0.879687488079071,
            0.8734375238418579,
            0.862500011920929,
            0.8734375238418579,
            0.870312511920929,
            0.859375,
            0.864062488079071,
            0.862500011920929,
            0.878125011920929,
            0.875,
            0.8812500238418579,
            0.84375,
            0.878125011920929,
            0.885937511920929,
            0.8609374761581421,
            0.890625,
            0.8843749761581421,
            0.859375,
            0.879687488079071,
            0.878125011920929,
            0.8656250238418579,
            0.878125011920929,
            0.859375,
            0.848437488079071,
            0.8765624761581421,
            0.8671875
        ],