{
    "InceptionV3": {
        "train_loss": [
            3.919771671295166,
            2.5162596702575684,
            2.098423957824707,
            1.756496787071228,
            1.5077331066131592,
            1.3597691059112549,
            1.2085556983947754,
            1.0694078207015991,
            0.9754073619842529,
            0.8865859508514404,
            0.8291557431221008,
            0.7679137587547302,
            0.6903596520423889,
            0.6735463738441467,
            0.6225231885910034,
            0.5703964233398438,
            0.5769113302230835,
            0.5036441087722778,
            0.5007702112197876,
            0.49682170152664185,
            0.47285768389701843,
            0.4524688422679901,
            0.4283265471458435,
            0.40487200021743774,
            0.3967188000679016
        ],
        "train_accuracy": [
            0.4838075637817383,
            0.6766366958618164,
            0.739654004573822,
            0.7797473073005676,
            0.8095153570175171,
            0.8303908705711365,
            0.8501178026199341,
            0.8637585639953613,
            0.877872884273529,
            0.8889678120613098,
            0.895740807056427,
            0.902916431427002,
            0.9124957323074341,
            0.9168649911880493,
            0.9222052693367004,
            0.9300320744514465,
            0.9303991794586182,
            0.9379062652587891,
            0.938628613948822,
            0.9404047131538391,
            0.9445253610610962,
            0.9463133215904236,
            0.949380099773407,
            0.9524824619293213,
            0.9534178972244263
        ],
        "val_loss": [
            2.669670581817627,
            2.414151191711426,
            2.495819330215454,
            2.4934256076812744,
            2.243741512298584,
            2.450923442840576,
            2.012207269668579,
            2.850799083709717,
            2.0139105319976807,
            2.415029525756836,
            2.334820032119751,
            2.428093433380127,
            2.955256223678589,
            2.8705992698669434,
            2.4931042194366455,
            2.569509506225586,
            2.494112014770508,
            2.6943492889404297,
            2.376924753189087,
            2.3774397373199463,
            2.5461273193359375,
            2.6399312019348145,
            2.8376078605651855,
            2.2095558643341064,
            2.7158753871917725
        ],
        "val_accuracy": [
            0.6265624761581421,
            0.715624988079071,
            0.706250011920929,
            0.753125011920929,
            0.762499988079071,
            0.770312488079071,
            0.7953125238418579,
            0.7796875238418579,
            0.809374988079071,
            0.800000011920929,
            0.8125,
            0.800000011920929,
            0.8109375238418579,
            0.8031250238418579,
            0.8218749761581421,
            0.8125,
            0.8265625238418579,
            0.8296874761581421,
            0.8359375,
            0.8374999761581421,
            0.8343750238418579,
            0.8374999761581421,
            0.8500000238418579,
            0.870312511920929,
            0.839062511920929
        ],
        "execution_time": 4338.317444086075,
        "test_loss": 1.788393259048462,
        "test_accuracy": 0.8712266087532043
    },
    "MobileNet": {
        "train_loss": [
            5.74024772644043,
            3.070892095565796,
            2.496955156326294,
            2.1412010192871094,
            1.8499675989151,
            1.6590218544006348,
            1.4473804235458374,
            1.3408020734786987,
            1.251727819442749,
            1.1125671863555908,
            1.0168746709823608,
            1.0064791440963745,
            0.880540132522583,
            0.863211989402771,
            0.8268802165985107,
            0.7801015973091125,
            0.7286882400512695,
            0.707214891910553,
            0.6621734499931335,
            0.6368075609207153,
            0.6490367650985718,
            0.5905632972717285,
            0.5790905356407166,
            0.5322749614715576,
            0.5313163995742798
        ],
        "train_accuracy": [
            0.36658260226249695,
            0.633902907371521,
            0.7091755270957947,
            0.7570601105690002,
            0.7909724712371826,
            0.8146780133247375,
            0.8365718126296997,
            0.8543686866760254,
            0.8640071749687195,
            0.8788201808929443,
            0.8883876204490662,
            0.8934318423271179,
            0.9048701524734497,
            0.9086592793464661,
            0.9152427911758423,
            0.9198370575904846,
            0.9248694777488708,
            0.9285401105880737,
            0.932293713092804,
            0.9357630610466003,
            0.9373024106025696,
            0.9419795870780945,
            0.9415296316146851,
            0.9480539560317993,
            0.949167013168335
        ],
        "val_loss": [
            3.582200527191162,
            2.3328936100006104,
            3.2392539978027344,
            3.1545541286468506,
            2.3606762886047363,
            2.9782652854919434,
            2.8749759197235107,
            3.163557529449463,
            3.562023639678955,
            3.0825090408325195,
            2.6228139400482178,
            2.7532520294189453,
            3.141599655151367,
            2.5676465034484863,
            3.3617053031921387,
            2.9920530319213867,
            2.8065032958984375,
            2.50784969329834,
            2.479787588119507,
            2.9829132556915283,
            3.4375667572021484,
            2.8557629585266113,
            3.98018217086792,
            3.212179660797119,
            3.846102237701416
        ],
        "val_accuracy": [
            0.596875011920929,
            0.706250011920929,
            0.692187488079071,
            0.731249988079071,
            0.7437499761581421,
            0.7437499761581421,
            0.7484375238418579,
            0.746874988079071,
            0.7484375238418579,
            0.753125011920929,
            0.7906249761581421,
            0.8031250238418579,
            0.778124988079071,
            0.8109375238418579,
            0.800000011920929,
            0.8031250238418579,
            0.8031250238418579,
            0.8343750238418579,
            0.84375,
            0.793749988079071,
            0.800000011920929,
            0.823437511920929,
            0.7890625,
            0.8062499761581421,
            0.785937488079071
        ],
        "execution_time": 2633.251899957657,
        "test_loss": 3.092174530029297,
        "test_accuracy": 0.825372576713562
    },
    "MobileNetV2": {
        "train_loss": [
            3.798053741455078,
            2.024268627166748,
            1.5503162145614624,
            1.2634141445159912,
            1.0206735134124756,
            0.8808387517929077,
            0.7731282114982605,
            0.6572079062461853,
            0.5985912680625916,
            0.5481264591217041,
            0.5037281513214111,
            0.4721682667732239,
            0.41612109541893005,
            0.3976905941963196,
            0.3999537229537964,
            0.3524149954319,
            0.3468758463859558,
            0.3226523995399475,
            0.30900028347969055,
            0.29243624210357666,
            0.292351096868515,
            0.27844560146331787,
            0.25461849570274353,
            0.24696023762226105,
            0.2317536473274231
        ],