{
    "MobileNet_test6_2": {
        "train_accuracy": [
            0.35498762130737305,
            0.745960533618927,
            0.8309402465820312,
            0.8709264993667603,
            0.8959978222846985,
            0.9136590361595154,
            0.929591953754425,
            0.9399850964546204,
            0.9506031274795532,
            0.9578238129615784,
            0.96524578332901,
            0.970963180065155,
            0.9776275753974915,
            0.9802080988883972,
            0.9833568334579468,
            0.9843392968177795,
            0.9854046702384949,
            0.9870145320892334,
            0.9872749447822571,
            0.9881272315979004,
            0.9888729453086853,
            0.9890150427818298,
            0.9895122051239014,
            0.9897134304046631,
            0.9900803565979004,
            0.990044891834259,
            0.9902223944664001,
            0.9903644919395447,
            0.9904473423957825,
            0.9905301928520203,
            0.9905538558959961,
            0.9905657172203064,
            0.9906249046325684
        ],
        "val_accuracy": [
            0.715624988079071,
            0.8125,
            0.862500011920929,
            0.878125011920929,
            0.903124988079071,
            0.9156249761581421,
            0.9125000238418579,
            0.9234374761581421,
            0.932812511920929,
            0.926562488079071,
            0.910937488079071,
            0.9125000238418579,
            0.921875,
            0.909375011920929,
            0.932812511920929,
            0.925000011920929,
            0.934374988079071,
            0.909375011920929,
            0.9234374761581421,
            0.940625011920929,
            0.9359375238418579,
            0.90625,
            0.925000011920929,
            0.9312499761581421,
            0.9437500238418579,
            0.9125000238418579,
            0.9281250238418579,
            0.942187488079071,
            0.9375,
            0.917187511920929,
            0.9390624761581421,
            0.9281250238418579,
            0.918749988079071
        ],
        "train_loss": [
            3.926788330078125,
            1.667593002319336,
            1.034669041633606,
            0.7543423771858215,
            0.593703031539917,
            0.4867149293422699,
            0.40940120816230774,
            0.35013049840927124,
            0.3023870587348938,
            0.26403531432151794,
            0.23114292323589325,
            0.20349091291427612,
            0.17419922351837158,
            0.16170424222946167,
            0.14684750139713287,
            0.14018671214580536,
            0.13386200368404388,
            0.12612760066986084,
            0.12278959900140762,
            0.11836881190538406,
            0.1163925975561142,
            0.1144736111164093,
            0.11191809177398682,
            0.11073962599039078,
            0.109291210770607,
            0.10859040170907974,
            0.10764894634485245,
            0.10724808275699615,
            0.106691375374794,
            0.10645600408315659,
            0.10610709339380264,
            0.10596898198127747,
            0.10583201795816422
        ],
        "val_loss": [
            2.061347007751465,
            1.1961411237716675,
            0.7916803359985352,
            0.6615099906921387,
            0.5288628339767456,
            0.4508400857448578,
            0.45038682222366333,
            0.4015365540981293,
            0.3482378423213959,
            0.33314913511276245,
            0.3989201784133911,
            0.3758552074432373,
            0.34217017889022827,
            0.36841264367103577,
            0.2815740704536438,
            0.29646435379981995,
            0.2978890836238861,
            0.3230549693107605,
            0.303697407245636,
            0.25627401471138,
            0.27987930178642273,
            0.34645718336105347,
            0.25752967596054077,
            0.30625003576278687,
            0.26267772912979126,
            0.33524686098098755,
            0.31029343605041504,
            0.26774337887763977,
            0.31235966086387634,
            0.32226040959358215,
            0.25299257040023804,
            0.2994580566883087,
            0.32077357172966003
        ],
        "test_accuracy": 0.9431297779083252,
        "test_loss": 0.23149874806404114,
        "execution_time": 3085.2205154895782
    }
}