{
    "MobileNet_test14": {
        "train_accuracy": [
            0.3338226079940796,
            0.7168053388595581,
            0.8065791726112366,
            0.8500100374221802,
            0.8764071464538574,
            0.8955479860305786,
            0.909646213054657,
            0.9229986071586609,
            0.9325631260871887,
            0.9410622715950012,
            0.9478923678398132,
            0.9540359377861023,
            0.9598598480224609,
            0.9646657705307007,
            0.969223141670227,
            0.9749286770820618
        ],
        "val_accuracy": [
            0.643750011920929,
            0.8140624761581421,
            0.8343750238418579,
            0.875,
            0.885937511920929,
            0.910937488079071,
            0.901562511920929,
            0.9203125238418579,
            0.9140625,
            0.921875,
            0.9359375238418579,
            0.9312499761581421,
            0.9296875,
            0.9359375238418579,
            0.909375011920929,
            0.9203125238418579
        ],
        "train_loss": [
            4.054125785827637,
            1.8387800455093384,
            1.1694016456604004,
            0.8681003451347351,
            0.6923229694366455,
            0.5785512924194336,
            0.49405601620674133,
            0.4283948242664337,
            0.3766688108444214,
            0.3341858685016632,
            0.29915520548820496,
            0.2690218389034271,
            0.2427539825439453,
            0.21966437995433807,
            0.19968728721141815,
            0.17580865323543549
        ],
        "val_loss": [
            2.2825207710266113,
            1.203744649887085,
            0.9252411723136902,
            0.649753212928772,
            0.5639016032218933,
            0.4488655924797058,
            0.44100841879844666,
            0.3693785071372986,
            0.41656407713890076,
            0.3639253079891205,
            0.3183286488056183,
            0.3019886612892151,
            0.29633092880249023,
            0.3138960301876068,
            0.3744905889034271,
            0.32874229550361633
        ],
        "test_accuracy": 0.9290076494216919,
        "test_loss": 0.29061973094940186,
        "execution_time": 1529.7078132629395
    },
    "MobileNet_test15": {
        "train_accuracy": [
            0.3299754858016968,
            0.7167461514472961,
            0.8084849715232849,
            0.8508386611938477,
            0.8779104948043823,
            0.8976313471794128,
            0.9112797379493713,
            0.9234602451324463,
            0.933746874332428,
            0.9420092701911926,
            0.9487327933311462,
            0.9582381248474121,
            0.9622864723205566,
            0.9653641581535339
        ],
        "val_accuracy": [
            0.643750011920929,
            0.7984374761581421,
            0.840624988079071,
            0.8812500238418579,
            0.875,
            0.903124988079071,
            0.9125000238418579,
            0.917187511920929,
            0.9390624761581421,
            0.9125000238418579,
            0.918749988079071,
            0.9125000238418579,
            0.9203125238418579,
            0.9203125238418579
        ],
        "train_loss": [
            4.071885585784912,
            1.8434749841690063,
            1.1688854694366455,
            0.8656843304634094,
            0.6901825070381165,
            0.5737228393554688,
            0.4913072884082794,
            0.4262634813785553,
            0.37378382682800293,
            0.3323673605918884,
            0.2976900041103363,
            0.26135164499282837,
            0.24451425671577454,
            0.22629451751708984
        ],
        "val_loss": [
            2.263021945953369,
            1.2360124588012695,
            0.8493432998657227,
            0.6462386846542358,
            0.5430232286453247,
            0.4848431646823883,
            0.43109235167503357,
            0.39842233061790466,
            0.3073861598968506,
            0.35683366656303406,
            0.34802156686782837,
            0.3486744165420532,
            0.3652340769767761,
            0.3240848779678345
        ],
        "test_accuracy": 0.9259542226791382,
        "test_loss": 0.32814303040504456,
        "execution_time": 1249.693243265152
    }
}