{
    "MobileNetV2_test1": {
        "train_accuracy": [
            0.43093791604042053,
            0.7498726844787598,
            0.8155779242515564,
            0.8509348630905151,
            0.876309871673584,
            0.8934555053710938,
            0.9081737995147705,
            0.9203580617904663,
            0.9294637441635132,
            0.9389601349830627,
            0.9462304711341858,
            0.9531692266464233,
            0.9586634039878845,
            0.9654837846755981,
            0.9682545065879822,
            0.9708713889122009,
            0.9740447402000427,
            0.9764484167098999,
            0.9782837629318237,
            0.9810664057731628,
            0.9825109839439392
        ],
        "val_accuracy": [
            0.703125,
            0.785937488079071,
            0.848437488079071,
            0.8296874761581421,
            0.859375,
            0.8828125,
            0.8687499761581421,
            0.879687488079071,
            0.8687499761581421,
            0.8734375238418579,
            0.909375011920929,
            0.895312488079071,
            0.910937488079071,
            0.903124988079071,
            0.9078124761581421,
            0.917187511920929,
            0.9140625,
            0.890625,
            0.9046875238418579,
            0.8999999761581421,
            0.910937488079071
        ],
        "train_loss": [
            3.5382843017578125,
            1.5761168003082275,
            1.0585582256317139,
            0.8152404427528381,
            0.6686520576477051,
            0.5671262741088867,
            0.4915969669818878,
            0.4317662715911865,
            0.38300007581710815,
            0.34179142117500305,
            0.30753791332244873,
            0.2772946059703827,
            0.2511272430419922,
            0.224445179104805,
            0.20986849069595337,
            0.1963406503200531,
            0.18359164893627167,
            0.17189417779445648,
            0.16105854511260986,
            0.14936810731887817,
            0.1426844745874405
        ],
        "val_loss": [
            2.042487621307373,
            1.246946930885315,
            0.8393816947937012,
            0.8079482913017273,
            0.6649852991104126,
            0.5575376749038696,
            0.5756966471672058,
            0.5507097244262695,
            0.5220232009887695,
            0.5269964933395386,
            0.39545750617980957,
            0.44340020418167114,
            0.40339773893356323,
            0.38977980613708496,
            0.38407719135284424,
            0.3830087184906006,
            0.3518402576446533,
            0.4391009211540222,
            0.4073353707790375,
            0.3889041841030121,
            0.3800865113735199
        ],
        "test_accuracy": 0.9147879481315613,
        "test_loss": 0.3484059274196625,
        "execution_time": 2407.550565481186
    },
    "MobileNetV2_test4": {
        "train_accuracy": [
            0.4310089647769928,
            0.751068651676178,
            0.8156252503395081,
            0.8511598110198975,
            0.8753389716148376,
            0.8926740288734436,
            0.9078540802001953,
            0.9199199676513672,
            0.930079460144043,
            0.938687801361084,
            0.9466449022293091,
            0.9539744257926941,
            0.9584147334098816,
            0.9631866216659546,
            0.9664784073829651,
            0.9699122309684753,
            0.9730737805366516,
            0.976140558719635,
            0.9780706167221069,
            0.9803085923194885,
            0.9830201268196106,
            0.9845239520072937,
            0.9854593873023987
        ],
        "val_accuracy": [
            0.698437511920929,
            0.784375011920929,
            0.8296874761581421,
            0.832812488079071,
            0.8671875,
            0.8671875,
            0.887499988079071,
            0.887499988079071,
            0.8890625238418579,
            0.8812500238418579,
            0.8765624761581421,
            0.887499988079071,
            0.893750011920929,
            0.887499988079071,
            0.901562511920929,
            0.903124988079071,
            0.918749988079071,
            0.9234374761581421,
            0.901562511920929,
            0.901562511920929,
            0.895312488079071,
            0.8984375,
            0.895312488079071
        ],
        "train_loss": [
            3.5432353019714355,
            1.575964093208313,
            1.058133602142334,
            0.8155173063278198,
            0.6683984398841858,
            0.5674895644187927,
            0.49163565039634705,
            0.4318852722644806,
            0.3832741379737854,
            0.3424469530582428,
            0.3075561821460724,
            0.2753407061100006,
            0.253966748714447,
            0.23441669344902039,
            0.21693307161331177,
            0.20091181993484497,
            0.18633420765399933,
            0.17296108603477478,
            0.1609037220478058,
            0.14989063143730164,
            0.13811524212360382,
            0.13026636838912964,
            0.12310835719108582
        ],
        "val_loss": [
            1.9856398105621338,
            1.2451635599136353,
            0.9145919680595398,
            0.7875096201896667,
            0.6621851325035095,
            0.5903457999229431,
            0.546951949596405,
            0.48886603116989136,
            0.45151370763778687,
            0.515297532081604,
            0.4722231924533844,
            0.4614914357662201,
            0.3974330425262451,
            0.4468832015991211,
            0.3884449303150177,
            0.41161638498306274,
            0.37611785531044006,
            0.3615034520626068,
            0.4098091125488281,
            0.4173559248447418,
            0.40268126130104065,
            0.35891467332839966,
            0.3890328109264374
        ],
        "test_accuracy": 0.9140236973762512,
        "test_loss": 0.33729150891304016,
        "execution_time": 2580.788004875183
    }
}