{
    "MobileNet_test16_2": {
        "train_accuracy": [
            0.8593969941139221,
            0.9088649153709412,
            0.9274967908859253,
            0.9383397102355957,
            0.9463180303573608,
            0.9536452889442444,
            0.9700517058372498,
            0.9732832908630371,
            0.9751535654067993,
            0.9776157140731812,
            0.9797464609146118,
            0.98585444688797,
            0.9872157573699951,
            0.989618718624115,
            0.9903526306152344,
            0.9912404417991638,
            0.9924833178520203,
            0.9929212927818298,
            0.9939748048782349,
            0.9942115545272827,
            0.9944009780883789,
            0.994554877281189,
            0.9950401782989502,
            0.9950993657112122
        ],
        "val_accuracy": [
            0.9437500238418579,
            0.949999988079071,
            0.9359375238418579,
            0.953125,
            0.9515625238418579,
            0.9437500238418579,
            0.9468749761581421,
            0.9624999761581421,
            0.964062511920929,
            0.9609375,
            0.971875011920929,
            0.965624988079071,
            0.964062511920929,
            0.9765625,
            0.9624999761581421,
            0.9703124761581421,
            0.96875,
            0.973437488079071,
            0.979687511920929,
            0.971875011920929,
            0.973437488079071,
            0.965624988079071,
            0.964062511920929,
            0.965624988079071
        ],
        "train_loss": [
            0.5408111810684204,
            0.343927800655365,
            0.27191364765167236,
            0.22929264605045319,
            0.1950233429670334,
            0.16798290610313416,
            0.11675558984279633,
            0.10093419998884201,
            0.09423871338367462,
            0.08433811366558075,
            0.07863009721040726,
            0.05879686027765274,
            0.05273577943444252,
            0.044416703283786774,
            0.04137495905160904,
            0.03827402740716934,
            0.033914972096681595,
            0.03287829831242561,
            0.02943357080221176,
            0.028179889544844627,
            0.027652252465486526,
            0.026767371222376823,
            0.025661451742053032,
            0.025352226570248604
        ],
        "val_loss": [
            0.19296659529209137,
            0.14984500408172607,
            0.2232455313205719,
            0.14929722249507904,
            0.19336673617362976,
            0.20447099208831787,
            0.1748717874288559,
            0.13146471977233887,
            0.10607701539993286,
            0.11538581550121307,
            0.10713814198970795,
            0.10853008180856705,
            0.10686365514993668,
            0.07841099798679352,
            0.14582015573978424,
            0.10421127080917358,
            0.13046099245548248,
            0.10530364513397217,
            0.06342383474111557,
            0.10685205459594727,
            0.1108994260430336,
            0.12738434970378876,
            0.11159537732601166,
            0.1087639182806015
        ],
        "test_accuracy": 0.9839694499969482,
        "test_loss": 0.050450775772333145,
        "execution_time": 20891.17757487297
    }
}