{
    "MobileNet_test1_2": {
        "train_accuracy": [
            0.35163769125938416,
            0.7436522841453552,
            0.831082284450531,
            0.870015025138855,
            0.8957018852233887,
            0.9142271876335144,
            0.9284200668334961,
            0.9403520226478577,
            0.9493365287780762,
            0.9574568867683411,
            0.9665834307670593,
            0.9706909656524658,
            0.9744788408279419,
            0.9773789644241333,
            0.9798056483268738,
            0.9824098348617554,
            0.9855467081069946,
            0.9871329069137573,
            0.9886835813522339
        ],
        "val_accuracy": [
            0.682812511920929,
            0.8187500238418579,
            0.8500000238418579,
            0.879687488079071,
            0.887499988079071,
            0.9046875238418579,
            0.9078124761581421,
            0.921875,
            0.909375011920929,
            0.910937488079071,
            0.9078124761581421,
            0.9140625,
            0.9234374761581421,
            0.9437500238418579,
            0.921875,
            0.9312499761581421,
            0.910937488079071,
            0.9125000238418579,
            0.925000011920929
        ],
        "train_loss": [
            3.9422667026519775,
            1.676073670387268,
            1.0390431880950928,
            0.7578784227371216,
            0.5960551500320435,
            0.4892679452896118,
            0.4109969735145569,
            0.3513335585594177,
            0.30377987027168274,
            0.26499152183532715,
            0.22792725265026093,
            0.20785114169120789,
            0.1898871809244156,
            0.1737300604581833,
            0.1593123823404312,
            0.14607129991054535,
            0.13148045539855957,
            0.12381791323423386,
            0.11493690311908722
        ],
        "val_loss": [
            2.140852212905884,
            1.1302518844604492,
            0.8932263255119324,
            0.617026150226593,
            0.6003291606903076,
            0.47533997893333435,
            0.4300956130027771,
            0.3686283528804779,
            0.39424774050712585,
            0.4099666178226471,
            0.3752363324165344,
            0.3635164201259613,
            0.35176217555999756,
            0.2757824659347534,
            0.3353021740913391,
            0.2834840416908264,
            0.3560357689857483,
            0.3254094421863556,
            0.3078872561454773
        ],
        "test_accuracy": 0.9362595677375793,
        "test_loss": 0.261481374502182,
        "execution_time": 1739.7806446552277
    },
    "MobileNet_test6_2": {
        "train_accuracy": [
            0.3526320159435272,
            0.743735134601593,
            0.8304667472839355,
            0.87106853723526,
            0.8960570096969604,
            0.9139075875282288,
            0.92853844165802,
            0.9402691721916199,
            0.9498810172080994,
            0.9584275484085083,
            0.9648669958114624,
            0.9728808403015137,
            0.975686252117157,
            0.9786574244499207,
            0.9811077117919922,
            0.9829898476600647,
            0.985736072063446,
            0.9866830706596375,
            0.9880325198173523,
            0.9885296821594238,
            0.9890978932380676,
            0.9896897673606873,
            0.9901987314224243,
            0.9907432794570923,
            0.991157591342926
        ],
        "val_accuracy": [
            0.7124999761581421,
            0.817187488079071,
            0.871874988079071,
            0.8734375238418579,
            0.890625,
            0.885937511920929,
            0.9140625,
            0.8968750238418579,
            0.9046875238418579,
            0.887499988079071,
            0.9140625,
            0.921875,
            0.910937488079071,
            0.9359375238418579,
            0.9281250238418579,
            0.934374988079071,
            0.918749988079071,
            0.926562488079071,
            0.9390624761581421,
            0.9125000238418579,
            0.9296875,
            0.925000011920929,
            0.9140625,
            0.921875,
            0.9125000238418579
        ],
        "train_loss": [
            3.9220452308654785,
            1.6673682928085327,
            1.0352263450622559,
            0.7553465962409973,
            0.5942812561988831,
            0.48709115386009216,
            0.40997910499572754,
            0.35042667388916016,
            0.30258089303970337,
            0.2639877498149872,
            0.23148055374622345,
            0.19826598465442657,
            0.18343952298164368,
            0.16993850469589233,
            0.15736964344978333,
            0.14616559445858002,
            0.13269633054733276,
            0.1269107311964035,
            0.11944235116243362,
            0.11621280759572983,
            0.11306058615446091,
            0.11006004363298416,
            0.10701281577348709,
            0.10327568650245667,
            0.10153814405202866
        ],
        "val_loss": [
            2.1088826656341553,
            1.145875096321106,
            0.7795644998550415,
            0.6352716684341431,
            0.5620535612106323,
            0.5247668623924255,
            0.4123844504356384,
            0.4589887261390686,
            0.3667433559894562,
            0.45511388778686523,
            0.36924394965171814,
            0.3745012879371643,
            0.36104950308799744,
            0.27262359857559204,
            0.27352461218833923,
            0.2781784236431122,
            0.3394083082675934,
            0.3207781910896301,
            0.2626126706600189,
            0.33095666766166687,
            0.26072195172309875,
            0.31550899147987366,
            0.33888310194015503,
            0.26415738463401794,
            0.35866159200668335
        ],
        "test_accuracy": 0.9423664212226868,
        "test_loss": 0.23975419998168945,
        "execution_time": 2335.3720512390137
    }
}